block,n_tx,gas_used,mode,cores,repeat,elapsed_ms,tps,occ_aborts,abort_rate,wait_admissions,speculate_executions,region_promotions,cascade_validations_scheduled,independent_txs_skipped_by_fence,bayes_wait_decisions,bayes_speculate_decisions,bayes_conflict_updates,bayes_success_updates,wave_promotions,mean_wait_posterior,bind_hits,wait_hard_count,spec_read_count,selective_invalidate_count,tx_full_retry,region_validate_fail,soft_edge_revokes,selective_fallback_full,partial_retry_count,partial_retry_fallback_full,cost_chose_wait,cost_chose_spec,cost_chose_bind,mean_p_at_wait,mean_p_at_spec,evm_entries,resume_count,rebind_only,rewind_to_cp,full_restart,tx_head_reexec,absolute_jump_applied,absolute_jump_fallback,prior_bind_hits,prior_bind_miss,journal_ff_entries,journal_ff_hits,prefix_opcodes_skipped,ready_steal_on_wait,lean_mode_txs,full_mode_txs,engagement_switches,hot_local_reads,hotset_size,inspector_steps,inspector_steps_resume,ok,error
19807137,712,29981386,occ,1,0,2907.509857,244.88309069213244,0,0,0,0,0,0,0,0,0,0,0,0,0,0,0,0,0,0,0,0,0,0,0,0,0,0,0,0,712,0,0,0,0,0,0,0,0,0,0,0,0,0,0,0,0,0,0,0,0,true,
19807137,712,29981386,occ,1,1,20.887723,34087.00890949195,0,0,0,0,0,0,0,0,0,0,0,0,0,0,0,0,0,0,0,0,0,0,0,0,0,0,0,0,712,0,0,0,0,0,0,0,0,0,0,0,0,0,0,0,0,0,0,0,0,true,
19807137,712,29981386,occ,1,2,24.298489,29302.233566869116,0,0,0,0,0,0,0,0,0,0,0,0,0,0,0,0,0,0,0,0,0,0,0,0,0,0,0,0,712,0,0,0,0,0,0,0,0,0,0,0,0,0,0,0,0,0,0,0,0,true,
19807137,712,29981386,occ,2,0,11.991655999999999,59374.61848471971,45,0.06320224719101124,0,0,0,0,0,0,0,0,0,0,0,0,0,0,0,0,0,0,0,0,0,0,0,0,0,0,800,0,0,0,45,0,0,0,0,0,0,0,0,0,0,0,0,0,0,0,0,true,
19807137,712,29981386,occ,2,1,13.259518,53697.27617549899,157,0.2205056179775281,0,0,0,0,0,0,0,0,0,0,0,0,0,0,0,0,0,0,0,0,0,0,0,0,0,0,1042,0,0,0,157,0,0,0,0,0,0,0,0,0,0,0,0,0,0,0,0,true,
19807137,712,29981386,occ,2,2,13.156104000000001,54119.36542915745,4,0.0056179775280898875,0,0,0,0,0,0,0,0,0,0,0,0,0,0,0,0,0,0,0,0,0,0,0,0,0,0,720,0,0,0,4,0,0,0,0,0,0,0,0,0,0,0,0,0,0,0,0,true,
19807137,712,29981386,occ,4,0,18.477087,38534.212671077425,604,0.848314606741573,0,0,0,0,0,0,0,0,0,0,0,0,0,0,0,0,0,0,0,0,0,0,0,0,0,0,4419,0,0,0,604,0,0,0,0,0,0,0,0,0,0,0,0,0,0,0,0,true,
19807137,712,29981386,occ,4,1,12.619501999999999,56420.60994166014,480,0.6741573033707865,0,0,0,0,0,0,0,0,0,0,0,0,0,0,0,0,0,0,0,0,0,0,0,0,0,0,2638,0,0,0,480,0,0,0,0,0,0,0,0,0,0,0,0,0,0,0,0,true,
19807137,712,29981386,occ,4,2,11.013748999999999,64646.47051607949,442,0.6207865168539326,0,0,0,0,0,0,0,0,0,0,0,0,0,0,0,0,0,0,0,0,0,0,0,0,0,0,2492,0,0,0,442,0,0,0,0,0,0,0,0,0,0,0,0,0,0,0,0,true,
19807137,712,29981386,occ,8,0,17.795745,40009.564083998725,919,1.2907303370786516,0,0,0,0,0,0,0,0,0,0,0,0,0,0,0,0,0,0,0,0,0,0,0,0,0,0,4764,0,0,0,919,0,0,0,0,0,0,0,0,0,0,0,0,0,0,0,0,true,
19807137,712,29981386,occ,8,1,12.334392,57724.774759874665,849,1.1924157303370786,0,0,0,0,0,0,0,0,0,0,0,0,0,0,0,0,0,0,0,0,0,0,0,0,0,0,4471,0,0,0,849,0,0,0,0,0,0,0,0,0,0,0,0,0,0,0,0,true,
19807137,712,29981386,occ,8,2,12.865838,55340.351712807205,849,1.1924157303370786,0,0,0,0,0,0,0,0,0,0,0,0,0,0,0,0,0,0,0,0,0,0,0,0,0,0,4121,0,0,0,849,0,0,0,0,0,0,0,0,0,0,0,0,0,0,0,0,true,
19807137,712,29981386,specfence,1,0,67.885217,10488.292318488133,0,0,0,712,35,0,0,0,0,35,5228,35,0,580,0,3607,0,0,0,0,0,0,0,0,0,580,0,0,712,0,0,0,0,0,0,0,580,0,0,0,0,0,712,0,0,580,2,0,0,true,
19807137,712,29981386,specfence,1,1,60.797131,11711.078932326593,0,0,0,712,35,0,0,0,0,35,5228,35,0,580,0,3607,0,0,0,0,0,0,0,0,0,580,0,0,712,0,0,0,0,0,0,0,580,0,0,0,0,0,712,0,0,580,2,0,0,true,
19807137,712,29981386,specfence,1,2,62.27929,11432.371820552225,0,0,0,712,35,0,0,0,0,35,5228,35,0,580,0,3607,0,0,0,0,0,0,0,0,0,580,0,0,712,0,0,0,0,0,0,0,580,0,0,0,0,0,712,0,0,580,2,0,0,true,
19807137,712,29981386,specfence,2,0,61.321965,11610.847760667813,315,0.44241573033707865,836,1027,36,53471,29821,0,714,350,6518,36,0.9142444649121391,896,849,7148,209,0,315,0,0,0,0,835,856,881,0.9142444649121391,0.10520282633466482,1866,0,0,0,315,0,0,0,896,0,0,0,0,444,1866,0,1,2572,566,0,0,true,
19807137,712,29981386,specfence,2,1,56.010304,12711.946716089955,281,0.3946629213483146,847,993,36,45056,30004,0,629,316,6551,36,0.9022828625514839,874,856,7102,174,0,281,0,0,0,0,841,776,849,0.9022828625514839,0.10924848291065,1856,0,0,0,281,0,0,0,874,0,0,0,0,471,1856,0,1,2466,488,0,0,true,
19807137,712,29981386,specfence,2,2,59.565101000000006,11953.308028471234,325,0.45646067415730335,895,1037,36,59043,29390,0,771,360,6311,36,0.9074420440480377,908,902,7362,228,0,325,0,0,0,0,893,940,895,0.9074420440480377,0.10343449896501278,1938,0,0,0,325,0,0,0,908,0,0,0,0,475,1938,0,1,2728,602,0,0,true,
19807137,712,29981386,specfence,4,0,74.571557,9547.876276741816,591,0.8300561797752809,1903,1301,35,159366,10379,4,1680,627,7829,35,0.9259473705400556,1165,1921,11623,572,0,592,0,0,0,0,1913,2257,1160,0.9259473705400556,0.09996008216456623,3233,0,0,0,591,0,0,0,1165,0,0,0,0,1022,3233,0,1,5330,1130,0,0,true,
19807137,712,29981386,specfence,4,1,73.08965,9741.4613423378,577,0.8103932584269663,1459,1288,35,156189,8201,3,1679,615,8113,35,0.9167898100064282,1172,1468,10235,560,0,581,0,0,0,0,1448,2254,1158,0.9167898100064282,0.10169816782547966,2770,0,0,0,577,0,0,0,1172,0,0,0,0,598,2770,0,1,4860,1118,0,0,true,
19807137,712,29981386,specfence,4,2,73.759931,9652.937446484324,590,0.8286516853932584,1521,1297,35,160669,7741,14,1685,627,7796,35,0.9143468069789038,1180,1533,10407,576,0,593,0,0,0,0,1519,2286,1168,0.9143468069789038,0.10100774177217478,2841,0,0,0,590,0,0,0,1180,0,0,0,0,652,2841,0,1,4973,1149,0,0,true,
19807137,712,29981386,specfence,8,0,75.318867,9453.142729828902,887,1.2457865168539326,1866,1598,36,204454,5402,3,2278,924,18733,36,0.9003226257417647,1531,1880,12654,1690,0,891,0,0,0,0,1823,3122,1474,0.9003226257417647,0.10839251493206203,3530,0,0,0,887,0,0,0,1531,0,0,0,0,841,3530,0,1,6419,977,0,0,true,
19807137,712,29981386,specfence,8,1,69.419021,10256.554900133207,950,1.3342696629213484,2081,1660,36,217645,8149,5,2488,989,19453,36,0.9138165590427128,1575,2105,13496,946,0,956,0,0,0,0,2058,3265,1536,0.9138165590427128,0.10015601990018454,3806,0,0,0,950,0,0,0,1575,0,0,0,0,1074,3806,0,1,6859,1093,0,0,true,
19807137,712,29981386,specfence,8,2,72.851111,9773.358157846076,928,1.303370786516854,1845,1636,36,220804,9093,12,2446,967,19381,36,0.9021233203614982,1538,1871,12711,905,0,932,0,0,0,0,1849,3271,1510,0.9021233203614982,0.09982849989301101,3532,0,0,0,928,0,0,0,1538,0,0,0,0,843,3532,0,1,6630,1099,0,0,true,
14683600,660,30021734,occ,1,0,20.125574,32794.09571125772,0,0,0,0,0,0,0,0,0,0,0,0,0,0,0,0,0,0,0,0,0,0,0,0,0,0,0,0,660,0,0,0,0,0,0,0,0,0,0,0,0,0,0,0,0,0,0,0,0,true,
14683600,660,30021734,occ,1,1,18.008553,36649.25216368023,0,0,0,0,0,0,0,0,0,0,0,0,0,0,0,0,0,0,0,0,0,0,0,0,0,0,0,0,660,0,0,0,0,0,0,0,0,0,0,0,0,0,0,0,0,0,0,0,0,true,
14683600,660,30021734,occ,1,2,17.062021,38682.40462252391,0,0,0,0,0,0,0,0,0,0,0,0,0,0,0,0,0,0,0,0,0,0,0,0,0,0,0,0,660,0,0,0,0,0,0,0,0,0,0,0,0,0,0,0,0,0,0,0,0,true,
14683600,660,30021734,occ,2,0,12.242747999999999,53909.46542393914,20,0.030303030303030304,0,0,0,0,0,0,0,0,0,0,0,0,0,0,0,0,0,0,0,0,0,0,0,0,0,0,700,0,0,0,20,0,0,0,0,0,0,0,0,0,0,0,0,0,0,0,0,true,
14683600,660,30021734,occ,2,1,13.915511,47429.08830297356,20,0.030303030303030304,0,0,0,0,0,0,0,0,0,0,0,0,0,0,0,0,0,0,0,0,0,0,0,0,0,0,711,0,0,0,20,0,0,0,0,0,0,0,0,0,0,0,0,0,0,0,0,true,
14683600,660,30021734,occ,2,2,11.204680999999999,58903.9527318984,20,0.030303030303030304,0,0,0,0,0,0,0,0,0,0,0,0,0,0,0,0,0,0,0,0,0,0,0,0,0,0,701,0,0,0,20,0,0,0,0,0,0,0,0,0,0,0,0,0,0,0,0,true,
14683600,660,30021734,occ,4,0,7.889623,83654.18727865705,50,0.07575757575757576,0,0,0,0,0,0,0,0,0,0,0,0,0,0,0,0,0,0,0,0,0,0,0,0,0,0,902,0,0,0,50,0,0,0,0,0,0,0,0,0,0,0,0,0,0,0,0,true,
14683600,660,30021734,occ,4,1,7.785307,84775.07694943821,50,0.07575757575757576,0,0,0,0,0,0,0,0,0,0,0,0,0,0,0,0,0,0,0,0,0,0,0,0,0,0,891,0,0,0,50,0,0,0,0,0,0,0,0,0,0,0,0,0,0,0,0,true,
14683600,660,30021734,occ,4,2,6.915685000000001,95435.23165094998,54,0.08181818181818182,0,0,0,0,0,0,0,0,0,0,0,0,0,0,0,0,0,0,0,0,0,0,0,0,0,0,930,0,0,0,54,0,0,0,0,0,0,0,0,0,0,0,0,0,0,0,0,true,
14683600,660,30021734,occ,8,0,6.58974,100155.69658286973,69,0.10454545454545454,0,0,0,0,0,0,0,0,0,0,0,0,0,0,0,0,0,0,0,0,0,0,0,0,0,0,2239,0,0,0,69,0,0,0,0,0,0,0,0,0,0,0,0,0,0,0,0,true,
14683600,660,30021734,occ,8,1,6.38453,103374.8764591912,84,0.12727272727272726,0,0,0,0,0,0,0,0,0,0,0,0,0,0,0,0,0,0,0,0,0,0,0,0,0,0,1075,0,0,0,84,0,0,0,0,0,0,0,0,0,0,0,0,0,0,0,0,true,
14683600,660,30021734,occ,8,2,6.498692999999999,101558.8826861032,67,0.10151515151515152,0,0,0,0,0,0,0,0,0,0,0,0,0,0,0,0,0,0,0,0,0,0,0,0,0,0,1366,0,0,0,67,0,0,0,0,0,0,0,0,0,0,0,0,0,0,0,0,true,
14683600,660,30021734,specfence,1,0,46.548279,14178.8271055091,0,0,0,538,106,0,0,237,2,106,4150,106,0.3076923076923069,171,0,3723,0,0,0,0,0,0,0,0,0,171,0.3076923076923069,0,660,0,0,0,0,0,0,0,171,0,0,0,0,0,660,0,0,171,12,0,0,true,
14683600,660,30021734,specfence,1,1,42.450838999999995,15547.395894813764,0,0,0,538,106,0,0,237,2,106,4150,106,0.3076923076923069,171,0,3723,0,0,0,0,0,0,0,0,0,171,0.3076923076923069,0,660,0,0,0,0,0,0,0,171,0,0,0,0,0,660,0,0,171,12,0,0,true,
14683600,660,30021734,specfence,1,2,44.907586,14696.848768490918,0,0,0,538,106,0,0,237,2,106,4150,106,0.3076923076923069,171,0,3723,0,0,0,0,0,0,0,0,0,171,0.3076923076923069,0,660,0,0,0,0,0,0,0,171,0,0,0,0,0,660,0,0,171,12,0,0,true,
14683600,660,30021734,specfence,2,0,28.127747000000003,23464.374875101086,10,0.015151515151515152,99,548,108,0,3210,326,2,121,5297,108,0.3076923076923068,182,7,4069,0,0,19,6,0,0,0,0,9,173,0.3076923076923068,0.3938816267247639,704,0,0,0,10,0,0,0,182,0,0,0,0,16,704,0,0,182,12,0,0,true,
14683600,660,30021734,specfence,2,1,27.76855,23767.895694949864,14,0.021212121212121213,97,552,121,0,4358,324,2,162,5382,121,0.3076923076923068,185,6,4328,0,0,48,7,0,0,0,0,9,176,0.3076923076923068,0.38487558766196533,715,0,0,0,14,0,0,0,185,0,0,0,0,22,715,0,0,185,12,0,0,true,
14683600,660,30021734,specfence,2,2,27.032269,24415.264586187714,16,0.024242424242424242,118,554,109,0,5276,339,2,132,5103,109,0.3076923076923068,192,13,4381,0,0,30,7,0,0,0,0,14,178,0.3076923076923068,0.43066919750356286,760,0,0,0,16,0,0,0,192,0,0,0,0,17,760,0,0,192,12,0,0,true,
14683600,660,30021734,specfence,4,0,19.039243000000003,34665.24378096335,48,0.07272727272727272,137,586,125,7623,9724,319,30,188,9663,125,0.34921151575471826,226,48,5158,21,0,76,11,0,0,0,43,53,212,0.34921151575471826,0.2043641985095923,846,0,0,0,48,0,0,0,226,0,0,0,0,44,846,0,1,308,41,0,0,true,
14683600,660,30021734,specfence,4,1,19.029258,34683.433268916735,41,0.06212121212121212,152,579,129,5779,8864,323,8,191,8838,129,0.3467673088375655,225,60,5203,16,0,76,11,0,0,0,49,15,212,0.3467673088375655,0.38797463429816376,941,0,0,0,41,0,0,0,225,0,0,0,0,51,941,0,0,276,14,0,0,true,
14683600,660,30021734,specfence,4,2,18.85522,35003.56930335472,42,0.06363636363636363,147,580,126,5591,9836,324,10,181,9304,126,0.34843331873044897,229,54,5176,15,0,70,12,0,0,0,42,22,214,0.34843331873044897,0.36930067481538065,866,0,0,0,42,0,0,0,229,0,0,0,0,49,866,0,1,278,17,0,0,true,
14683600,660,30021734,specfence,8,0,16.981078,38866.790435801544,51,0.07727272727272727,144,589,134,9979,8402,317,16,205,19908,134,0.3411460194269915,245,57,5460,28,0,89,15,0,0,0,32,56,214,0.3411460194269915,0.37140599561196064,928,0,0,0,51,0,0,0,245,0,0,0,0,64,928,0,1,302,22,0,0,true,
14683600,660,30021734,specfence,8,1,14.827692,44511.310323953316,63,0.09545454545454546,166,601,129,10971,10064,317,46,189,13777,129,0.3632163950312323,247,79,5566,33,0,75,10,0,0,0,58,86,224,0.3632163950312323,0.21452380139200627,947,0,0,0,63,0,0,0,247,0,0,0,0,55,947,0,1,368,50,0,0,true,
14683600,660,30021734,specfence,8,2,15.025186,43926.24490638585,62,0.09393939393939393,201,600,129,12097,8673,324,33,213,12913,129,0.39445933483607437,236,111,5855,35,0,97,10,0,0,0,101,62,225,0.39445933483607437,0.21219692177946425,897,0,0,0,62,0,0,0,236,0,0,0,0,97,897,0,1,388,45,0,0,true,
13217637,1100,29985362,occ,1,0,10.224396,107585.81729424407,0,0,0,0,0,0,0,0,0,0,0,0,0,0,0,0,0,0,0,0,0,0,0,0,0,0,0,0,1100,0,0,0,0,0,0,0,0,0,0,0,0,0,0,0,0,0,0,0,0,true,
13217637,1100,29985362,occ,1,1,9.379396999999999,117278.3282336807,0,0,0,0,0,0,0,0,0,0,0,0,0,0,0,0,0,0,0,0,0,0,0,0,0,0,0,0,1100,0,0,0,0,0,0,0,0,0,0,0,0,0,0,0,0,0,0,0,0,true,
13217637,1100,29985362,occ,1,2,10.30808,106712.40424987,0,0,0,0,0,0,0,0,0,0,0,0,0,0,0,0,0,0,0,0,0,0,0,0,0,0,0,0,1100,0,0,0,0,0,0,0,0,0,0,0,0,0,0,0,0,0,0,0,0,true,
13217637,1100,29985362,occ,2,0,6.989282,157383.83427653942,2,0.0018181818181818182,0,0,0,0,0,0,0,0,0,0,0,0,0,0,0,0,0,0,0,0,0,0,0,0,0,0,1154,0,0,0,2,0,0,0,0,0,0,0,0,0,0,0,0,0,0,0,0,true,
13217637,1100,29985362,occ,2,1,6.675315,164786.23106175513,2,0.0018181818181818182,0,0,0,0,0,0,0,0,0,0,0,0,0,0,0,0,0,0,0,0,0,0,0,0,0,0,1143,0,0,0,2,0,0,0,0,0,0,0,0,0,0,0,0,0,0,0,0,true,
13217637,1100,29985362,occ,2,2,6.147342,178939.12523493893,2,0.0018181818181818182,0,0,0,0,0,0,0,0,0,0,0,0,0,0,0,0,0,0,0,0,0,0,0,0,0,0,1146,0,0,0,2,0,0,0,0,0,0,0,0,0,0,0,0,0,0,0,0,true,
13217637,1100,29985362,occ,4,0,5.120561,214820.21208223084,4,0.0036363636363636364,0,0,0,0,0,0,0,0,0,0,0,0,0,0,0,0,0,0,0,0,0,0,0,0,0,0,1319,0,0,0,4,0,0,0,0,0,0,0,0,0,0,0,0,0,0,0,0,true,
13217637,1100,29985362,occ,4,1,5.317545,206862.3772812454,6,0.005454545454545455,0,0,0,0,0,0,0,0,0,0,0,0,0,0,0,0,0,0,0,0,0,0,0,0,0,0,1329,0,0,0,6,0,0,0,0,0,0,0,0,0,0,0,0,0,0,0,0,true,
13217637,1100,29985362,occ,4,2,4.663899,235854.16408031134,4,0.0036363636363636364,0,0,0,0,0,0,0,0,0,0,0,0,0,0,0,0,0,0,0,0,0,0,0,0,0,0,1288,0,0,0,4,0,0,0,0,0,0,0,0,0,0,0,0,0,0,0,0,true,
13217637,1100,29985362,occ,8,0,4.056699,271156.42545823584,9,0.008181818181818182,0,0,0,0,0,0,0,0,0,0,0,0,0,0,0,0,0,0,0,0,0,0,0,0,0,0,1345,0,0,0,9,0,0,0,0,0,0,0,0,0,0,0,0,0,0,0,0,true,
13217637,1100,29985362,occ,8,1,3.951453,278378.61161451245,9,0.008181818181818182,0,0,0,0,0,0,0,0,0,0,0,0,0,0,0,0,0,0,0,0,0,0,0,0,0,0,1274,0,0,0,9,0,0,0,0,0,0,0,0,0,0,0,0,0,0,0,0,true,
13217637,1100,29985362,occ,8,2,3.7471069999999997,293559.8049375158,10,0.00909090909090909,0,0,0,0,0,0,0,0,0,0,0,0,0,0,0,0,0,0,0,0,0,0,0,0,0,0,1215,0,0,0,10,0,0,0,0,0,0,0,0,0,0,0,0,0,0,0,0,true,
13217637,1100,29985362,specfence,1,0,53.746328000000005,20466.514475184238,0,0,0,1092,36,0,0,14,0,36,2680,36,0.3076923076923076,6,0,3289,0,0,0,0,0,0,0,0,0,6,0.3076923076923076,0,1100,0,0,0,0,0,0,0,6,0,0,0,0,0,1100,0,0,6,2,0,0,true,
13217637,1100,29985362,specfence,1,1,47.248651,23281.087961643603,0,0,0,1092,36,0,0,14,0,36,2680,36,0.3076923076923076,6,0,3289,0,0,0,0,0,0,0,0,0,6,0.3076923076923076,0,1100,0,0,0,0,0,0,0,6,0,0,0,0,0,1100,0,0,6,2,0,0,true,
13217637,1100,29985362,specfence,1,2,49.451279,22244.116274525477,0,0,0,1092,36,0,0,14,0,36,2680,36,0.3076923076923076,6,0,3289,0,0,0,0,0,0,0,0,0,6,0.3076923076923076,0,1100,0,0,0,0,0,0,0,6,0,0,0,0,0,1100,0,0,6,2,0,0,true,
13217637,1100,29985362,specfence,2,0,23.079246,47661.86902293082,1,0.0009090909090909091,1,1093,37,0,1098,15,0,37,2099,37,0.3076923076923076,6,0,3312,0,0,4,4,0,0,0,0,0,6,0.3076923076923076,0,1105,0,0,0,1,0,0,0,6,0,0,0,0,3,1105,0,0,6,2,0,0,true,
13217637,1100,29985362,specfence,2,1,26.059037,42211.843822164265,1,0.0009090909090909091,1,1093,37,0,1098,15,0,37,2322,37,0.3076923076923076,6,0,3313,0,0,4,4,0,0,0,0,0,6,0.3076923076923076,0,1106,0,0,0,1,0,0,0,6,0,0,0,0,5,1106,0,0,6,2,0,0,true,
13217637,1100,29985362,specfence,2,2,21.836578,50374.19324584649,1,0.0009090909090909091,1,1093,37,0,1098,15,0,37,2046,37,0.3076923076923076,6,0,3312,0,0,4,4,0,0,0,0,0,6,0.3076923076923076,0,1105,0,0,0,1,0,0,0,6,0,0,0,0,3,1105,0,0,6,2,0,0,true,
13217637,1100,29985362,specfence,4,0,15.931836,69044.14532009995,3,0.0027272727272727275,1,1095,40,0,3253,15,0,41,3093,40,0.3076923076923076,6,0,3374,0,0,8,7,0,0,0,0,0,6,0.3076923076923076,0,1111,0,0,0,3,0,0,0,6,0,0,0,0,6,1111,0,0,6,2,0,0,true,
13217637,1100,29985362,specfence,4,1,15.485430999999998,71034.50979181658,3,0.0027272727272727275,1,1095,41,0,3255,15,0,41,3130,41,0.3076923076923076,6,0,3456,0,0,8,8,0,0,0,0,0,6,0.3076923076923076,0,1176,0,0,0,3,0,0,0,6,0,0,0,0,3,1176,0,0,6,2,0,0,true,
13217637,1100,29985362,specfence,4,2,16.329528999999997,67362.62876902329,2,0.0018181818181818182,1,1094,40,0,2186,15,0,40,3141,40,0.3076923076923076,6,0,3387,0,0,7,7,0,0,0,0,0,6,0.3076923076923076,0,1125,0,0,0,2,0,0,0,6,0,0,0,0,5,1125,0,0,6,2,0,0,true,
13217637,1100,29985362,specfence,8,0,11.511916000000001,95553.16421697309,5,0.004545454545454545,1,1097,41,0,4356,15,0,44,4220,41,0.3076923076923076,6,0,3448,0,0,11,8,0,0,0,0,0,6,0.3076923076923076,0,1129,0,0,0,5,0,0,0,6,0,0,0,0,3,1129,0,0,6,2,0,0,true,
13217637,1100,29985362,specfence,8,1,14.594571,75370.4922193328,4,0.0036363636363636364,1,1096,41,0,3289,15,0,43,4604,41,0.3076923076923076,6,0,3431,0,0,10,8,0,0,0,0,0,6,0.3076923076923076,0,1113,0,0,0,4,0,0,0,6,0,0,0,0,3,1113,0,0,6,2,0,0,true,
13217637,1100,29985362,specfence,8,2,14.410314,76334.21450774772,6,0.005454545454545455,1,1098,41,1067,4355,15,0,45,4697,41,0.3076923076923076,6,0,3447,1,0,12,8,0,0,0,0,0,6,0.3076923076923076,0,1163,0,0,0,6,0,0,0,6,0,0,0,0,3,1163,0,0,6,2,0,0,true,
14383540,722,30059751,occ,1,0,14.315196,50435.914394745276,0,0,0,0,0,0,0,0,0,0,0,0,0,0,0,0,0,0,0,0,0,0,0,0,0,0,0,0,722,0,0,0,0,0,0,0,0,0,0,0,0,0,0,0,0,0,0,0,0,true,
14383540,722,30059751,occ,1,1,13.074252,55223.04449998363,0,0,0,0,0,0,0,0,0,0,0,0,0,0,0,0,0,0,0,0,0,0,0,0,0,0,0,0,722,0,0,0,0,0,0,0,0,0,0,0,0,0,0,0,0,0,0,0,0,true,
14383540,722,30059751,occ,1,2,13.984671,51627.95749717673,0,0,0,0,0,0,0,0,0,0,0,0,0,0,0,0,0,0,0,0,0,0,0,0,0,0,0,0,722,0,0,0,0,0,0,0,0,0,0,0,0,0,0,0,0,0,0,0,0,true,
14383540,722,30059751,occ,2,0,7.817673000000001,92354.84779166382,6,0.008310249307479225,0,0,0,0,0,0,0,0,0,0,0,0,0,0,0,0,0,0,0,0,0,0,0,0,0,0,733,0,0,0,6,0,0,0,0,0,0,0,0,0,0,0,0,0,0,0,0,true,
14383540,722,30059751,occ,2,1,8.26265,87381.1670589944,4,0.00554016620498615,0,0,0,0,0,0,0,0,0,0,0,0,0,0,0,0,0,0,0,0,0,0,0,0,0,0,730,0,0,0,4,0,0,0,0,0,0,0,0,0,0,0,0,0,0,0,0,true,
14383540,722,30059751,occ,2,2,7.9391419999999995,90941.8171384263,5,0.006925207756232687,0,0,0,0,0,0,0,0,0,0,0,0,0,0,0,0,0,0,0,0,0,0,0,0,0,0,800,0,0,0,5,0,0,0,0,0,0,0,0,0,0,0,0,0,0,0,0,true,
14383540,722,30059751,occ,4,0,5.2627500000000005,137190.63227400123,20,0.027700831024930747,0,0,0,0,0,0,0,0,0,0,0,0,0,0,0,0,0,0,0,0,0,0,0,0,0,0,876,0,0,0,20,0,0,0,0,0,0,0,0,0,0,0,0,0,0,0,0,true,
14383540,722,30059751,occ,4,1,4.708112000000001,153352.34166052123,16,0.0221606648199446,0,0,0,0,0,0,0,0,0,0,0,0,0,0,0,0,0,0,0,0,0,0,0,0,0,0,817,0,0,0,16,0,0,0,0,0,0,0,0,0,0,0,0,0,0,0,0,true,
14383540,722,30059751,occ,4,2,5.215878,138423.48306459622,18,0.024930747922437674,0,0,0,0,0,0,0,0,0,0,0,0,0,0,0,0,0,0,0,0,0,0,0,0,0,0,847,0,0,0,18,0,0,0,0,0,0,0,0,0,0,0,0,0,0,0,0,true,
14383540,722,30059751,occ,8,0,4.979171999999999,145004.02878229553,41,0.05678670360110803,0,0,0,0,0,0,0,0,0,0,0,0,0,0,0,0,0,0,0,0,0,0,0,0,0,0,919,0,0,0,41,0,0,0,0,0,0,0,0,0,0,0,0,0,0,0,0,true,
14383540,722,30059751,occ,8,1,4.106362,175824.73245174196,34,0.04709141274238227,0,0,0,0,0,0,0,0,0,0,0,0,0,0,0,0,0,0,0,0,0,0,0,0,0,0,878,0,0,0,34,0,0,0,0,0,0,0,0,0,0,0,0,0,0,0,0,true,
14383540,722,30059751,occ,8,2,4.262693,169376.4950935946,35,0.04847645429362881,0,0,0,0,0,0,0,0,0,0,0,0,0,0,0,0,0,0,0,0,0,0,0,0,0,0,2730,0,0,0,35,0,0,0,0,0,0,0,0,0,0,0,0,0,0,0,0,true,
14383540,722,30059751,specfence,1,0,49.152103000000004,14689.096822571355,0,0,0,648,55,0,0,146,0,55,3703,55,0.3076923076923071,95,0,3598,0,0,0,0,0,0,0,0,0,95,0.3076923076923071,0,722,0,0,0,0,0,0,0,95,0,0,0,0,0,722,0,0,95,5,0,0,true,
14383540,722,30059751,specfence,1,1,44.46235,16238.457931260944,0,0,0,648,55,0,0,146,0,55,3703,55,0.3076923076923071,95,0,3598,0,0,0,0,0,0,0,0,0,95,0.3076923076923071,0,722,0,0,0,0,0,0,0,95,0,0,0,0,0,722,0,0,95,5,0,0,true,
14383540,722,30059751,specfence,1,2,46.680338,15466.897433347633,0,0,0,648,55,0,0,146,0,55,3703,55,0.3076923076923071,95,0,3598,0,0,0,0,0,0,0,0,0,95,0.3076923076923071,0,722,0,0,0,0,0,0,0,95,0,0,0,0,0,722,0,0,95,5,0,0,true,
14383540,722,30059751,specfence,2,0,23.400812,30853.630207362035,4,0.00554016620498615,61,652,57,532,1532,206,0,63,5189,57,0.30769230769230693,96,0,3712,2,0,6,0,0,0,0,0,1,95,0.30769230769230693,0.3333333333333333,790,0,0,0,4,0,0,0,96,0,0,0,0,3,790,0,0,96,5,0,0,true,
14383540,722,30059751,specfence,2,1,24.364351,29633.459146931516,4,0.00554016620498615,61,652,55,462,1637,205,0,59,6291,55,0.30769230769230693,99,1,3832,1,0,4,0,0,0,0,0,3,97,0.30769230769230693,0.38425925925925924,817,0,0,0,4,0,0,0,99,0,0,0,0,4,817,0,0,100,5,0,0,true,
14383540,722,30059751,specfence,2,2,23.400454,30854.10223237549,6,0.008310249307479225,61,654,57,532,2630,206,0,65,5248,57,0.30769230769230693,99,0,3794,2,0,8,0,0,0,0,0,2,97,0.30769230769230693,0.38888888888888884,787,0,0,0,6,0,0,0,99,0,0,0,0,4,787,0,0,99,5,0,0,true,
14383540,722,30059751,specfence,4,0,13.807723,52289.577361886535,10,0.013850415512465374,64,657,55,1634,4191,208,0,67,8999,55,0.3108676473605376,102,3,3958,3,0,12,0,0,0,0,3,2,102,0.3108676473605376,0.4722222222222222,791,0,0,0,10,0,0,0,102,0,0,0,0,8,791,0,0,107,5,0,0,true,
14383540,722,30059751,specfence,4,1,14.969647,48230.930228348065,13,0.018005540166204988,63,660,55,2305,5128,207,0,71,7319,55,0.31134658991801784,110,3,3942,4,0,16,0,0,0,0,3,2,109,0.31134658991801784,0.44272445820433437,751,0,0,0,13,0,0,0,110,0,0,0,0,10,751,0,0,114,5,0,0,true,
14383540,722,30059751,specfence,4,2,14.583713999999999,49507.27914713632,15,0.02077562326869806,61,662,57,2968,5711,205,0,76,8250,57,0.3100679513722985,107,2,4052,6,0,19,0,0,0,0,2,1,107,0.3100679513722985,0.47368421052631576,842,0,0,0,15,0,0,0,107,0,0,0,0,4,842,0,0,110,5,0,0,true,
14383540,722,30059751,specfence,8,0,11.819934,61083.25139548156,24,0.0332409972299169,71,665,59,4666,9155,220,4,94,12443,59,0.3220789518161092,138,10,4246,15,0,36,1,0,0,0,10,11,135,0.3220789518161092,0.2701975480191073,819,0,0,0,24,0,0,0,138,0,0,0,0,12,819,0,1,156,16,0,0,true,
14383540,722,30059751,specfence,8,1,11.843298,60962.74872083772,18,0.024930747922437674,70,666,59,2996,7520,207,0,85,10956,59,0.31849153262196667,105,9,4154,7,0,27,1,0,0,0,9,1,104,0.31849153262196667,0.4375,817,0,0,0,18,0,0,0,105,0,0,0,0,14,817,0,0,114,6,0,0,true,
14383540,722,30059751,specfence,8,2,20.69998,34879.260752908944,25,0.03462603878116344,82,668,59,7111,6542,221,0,96,11538,59,0.3272723180788976,117,17,4592,20,0,38,1,0,0,0,14,5,112,0.3272723180788976,0.34807692307692306,816,0,0,0,25,0,0,0,117,0,0,0,0,17,816,0,0,131,5,0,0,true,
15199017,866,30028395,occ,1,0,10.583272,81827.24586498391,0,0,0,0,0,0,0,0,0,0,0,0,0,0,0,0,0,0,0,0,0,0,0,0,0,0,0,0,866,0,0,0,0,0,0,0,0,0,0,0,0,0,0,0,0,0,0,0,0,true,
15199017,866,30028395,occ,1,1,11.064269,78269.96975579679,0,0,0,0,0,0,0,0,0,0,0,0,0,0,0,0,0,0,0,0,0,0,0,0,0,0,0,0,866,0,0,0,0,0,0,0,0,0,0,0,0,0,0,0,0,0,0,0,0,true,
15199017,866,30028395,occ,1,2,10.070003,85997.98828262514,0,0,0,0,0,0,0,0,0,0,0,0,0,0,0,0,0,0,0,0,0,0,0,0,0,0,0,0,866,0,0,0,0,0,0,0,0,0,0,0,0,0,0,0,0,0,0,0,0,true,
15199017,866,30028395,occ,2,0,6.393989,135439.70751279054,1,0.0011547344110854503,0,0,0,0,0,0,0,0,0,0,0,0,0,0,0,0,0,0,0,0,0,0,0,0,0,0,874,0,0,0,1,0,0,0,0,0,0,0,0,0,0,0,0,0,0,0,0,true,
15199017,866,30028395,occ,2,1,5.9491819999999995,145566.23078601394,1,0.0011547344110854503,0,0,0,0,0,0,0,0,0,0,0,0,0,0,0,0,0,0,0,0,0,0,0,0,0,0,873,0,0,0,1,0,0,0,0,0,0,0,0,0,0,0,0,0,0,0,0,true,
15199017,866,30028395,occ,2,2,6.328437999999999,136842.6142438308,1,0.0011547344110854503,0,0,0,0,0,0,0,0,0,0,0,0,0,0,0,0,0,0,0,0,0,0,0,0,0,0,874,0,0,0,1,0,0,0,0,0,0,0,0,0,0,0,0,0,0,0,0,true,
15199017,866,30028395,occ,4,0,4.600124,188255.79484379117,6,0.006928406466512702,0,0,0,0,0,0,0,0,0,0,0,0,0,0,0,0,0,0,0,0,0,0,0,0,0,0,887,0,0,0,6,0,0,0,0,0,0,0,0,0,0,0,0,0,0,0,0,true,
15199017,866,30028395,occ,4,1,4.570479,189476.8578960761,5,0.005773672055427252,0,0,0,0,0,0,0,0,0,0,0,0,0,0,0,0,0,0,0,0,0,0,0,0,0,0,885,0,0,0,5,0,0,0,0,0,0,0,0,0,0,0,0,0,0,0,0,true,
15199017,866,30028395,occ,4,2,4.582033,188999.07530129093,6,0.006928406466512702,0,0,0,0,0,0,0,0,0,0,0,0,0,0,0,0,0,0,0,0,0,0,0,0,0,0,887,0,0,0,6,0,0,0,0,0,0,0,0,0,0,0,0,0,0,0,0,true,
15199017,866,30028395,occ,8,0,3.952078,219125.22981580827,12,0.013856812933025405,0,0,0,0,0,0,0,0,0,0,0,0,0,0,0,0,0,0,0,0,0,0,0,0,0,0,896,0,0,0,12,0,0,0,0,0,0,0,0,0,0,0,0,0,0,0,0,true,
15199017,866,30028395,occ,8,1,3.546093,244212.43323285654,14,0.016166281755196306,0,0,0,0,0,0,0,0,0,0,0,0,0,0,0,0,0,0,0,0,0,0,0,0,0,0,906,0,0,0,14,0,0,0,0,0,0,0,0,0,0,0,0,0,0,0,0,true,
15199017,866,30028395,occ,8,2,3.3714090000000003,256865.89790796666,12,0.013856812933025405,0,0,0,0,0,0,0,0,0,0,0,0,0,0,0,0,0,0,0,0,0,0,0,0,0,0,898,0,0,0,12,0,0,0,0,0,0,0,0,0,0,0,0,0,0,0,0,true,
15199017,866,30028395,specfence,1,0,55.356176,15644.144205336726,0,0,0,848,40,0,0,34,0,40,3546,40,0.30769230769230776,16,0,3781,0,0,0,0,0,0,0,0,0,16,0.30769230769230776,0,866,0,0,0,0,0,0,0,16,0,0,0,0,0,866,0,0,16,2,0,0,true,
15199017,866,30028395,specfence,1,1,52.886042,16374.830999831676,0,0,0,848,40,0,0,34,0,40,3546,40,0.30769230769230776,16,0,3781,0,0,0,0,0,0,0,0,0,16,0.30769230769230776,0,866,0,0,0,0,0,0,0,16,0,0,0,0,0,866,0,0,16,2,0,0,true,
15199017,866,30028395,specfence,1,2,53.66076,16138.422191560461,0,0,0,848,40,0,0,34,0,40,3546,40,0.30769230769230776,16,0,3781,0,0,0,0,0,0,0,0,0,16,0.30769230769230776,0,866,0,0,0,0,0,0,0,16,0,0,0,0,0,866,0,0,16,2,0,0,true,
15199017,866,30028395,specfence,2,0,23.102173,37485.65124155204,4,0.004618937644341801,10,852,40,762,2268,43,0,46,3421,40,0.3076923076923079,15,0,3882,2,0,6,0,0,0,0,0,0,15,0.3076923076923079,0,874,0,0,0,4,0,0,0,15,0,0,0,0,4,874,0,0,15,2,0,0,true,
15199017,866,30028395,specfence,2,1,23.161906,37388.97826456942,2,0.0023094688221709007,9,850,40,0,1533,43,0,43,3629,40,0.3076923076923079,16,0,3828,0,0,3,0,0,0,0,0,0,16,0.3076923076923079,0,873,0,0,0,2,0,0,0,16,0,0,0,0,4,873,0,0,16,2,0,0,true,
15199017,866,30028395,specfence,2,2,22.290605000000003,38850.44842883358,2,0.0023094688221709007,12,850,40,762,761,45,0,44,3440,40,0.3076923076923079,15,0,3858,2,0,4,0,0,0,0,0,0,15,0.3076923076923079,0,870,0,0,0,2,0,0,0,15,0,0,0,0,2,870,0,0,15,2,0,0,true,
15199017,866,30028395,specfence,4,0,17.73746,48823.22497133186,6,0.006928406466512702,11,854,41,762,3927,45,0,48,4429,41,0.3076923076923079,16,0,3893,2,0,8,1,0,0,0,0,0,16,0.3076923076923079,0,881,0,0,0,6,0,0,0,16,0,0,0,0,6,881,0,0,16,2,0,0,true,
15199017,866,30028395,specfence,4,1,15.423418,56148.38422974726,3,0.003464203233256351,12,851,40,762,1587,43,0,45,4487,40,0.3076923076923079,13,0,3887,2,0,5,0,0,0,0,0,0,13,0.3076923076923079,0,882,0,0,0,3,0,0,0,13,0,0,0,0,6,882,0,0,13,2,0,0,true,
15199017,866,30028395,specfence,4,2,15.186989,57022.49471570698,3,0.003464203233256351,12,851,41,0,2350,44,0,44,4436,41,0.3076923076923079,14,0,3825,0,0,4,1,0,0,0,0,0,14,0.3076923076923079,0,878,0,0,0,3,0,0,0,14,0,0,0,0,4,878,0,0,14,2,0,0,true,
15199017,866,30028395,specfence,8,0,13.243611000000001,65390.020893848356,8,0.009237875288683603,10,856,42,1541,4700,40,0,50,5956,42,0.3076923076923078,12,0,3936,4,0,10,2,0,0,0,0,0,12,0.3076923076923078,0,884,0,0,0,8,0,0,0,12,0,0,0,0,5,884,0,0,12,2,0,0,true,
15199017,866,30028395,specfence,8,1,12.274462999999999,70552.98468047034,10,0.011547344110854504,12,858,41,1589,6306,44,5,52,5181,41,0.3076923076923079,25,0,4004,3,0,12,1,0,0,0,0,10,25,0.3076923076923079,0.18617647058823533,889,0,0,0,10,0,0,0,25,0,0,0,0,4,889,0,1,35,11,0,0,true,
15199017,866,30028395,specfence,8,2,11.977124,72304.50315117385,8,0.009237875288683603,13,856,41,1589,4730,45,0,50,5402,41,0.3076923076923079,16,0,4011,3,0,10,1,0,0,0,0,1,16,0.3076923076923079,0.4117647058823529,889,0,0,0,8,0,0,0,16,0,0,0,0,7,889,0,0,17,3,0,0,true,
14029313,724,30074554,occ,1,0,9.694034,74685.11045040691,0,0,0,0,0,0,0,0,0,0,0,0,0,0,0,0,0,0,0,0,0,0,0,0,0,0,0,0,724,0,0,0,0,0,0,0,0,0,0,0,0,0,0,0,0,0,0,0,0,true,
14029313,724,30074554,occ,1,1,8.988167,80550.35025495187,0,0,0,0,0,0,0,0,0,0,0,0,0,0,0,0,0,0,0,0,0,0,0,0,0,0,0,0,724,0,0,0,0,0,0,0,0,0,0,0,0,0,0,0,0,0,0,0,0,true,
14029313,724,30074554,occ,1,2,8.155846,88770.68056459134,0,0,0,0,0,0,0,0,0,0,0,0,0,0,0,0,0,0,0,0,0,0,0,0,0,0,0,0,724,0,0,0,0,0,0,0,0,0,0,0,0,0,0,0,0,0,0,0,0,true,
14029313,724,30074554,occ,2,0,6.612565,109488.52676684463,2,0.0027624309392265192,0,0,0,0,0,0,0,0,0,0,0,0,0,0,0,0,0,0,0,0,0,0,0,0,0,0,944,0,0,0,2,0,0,0,0,0,0,0,0,0,0,0,0,0,0,0,0,true,
14029313,724,30074554,occ,2,1,5.436684,133169.409882936,1,0.0013812154696132596,0,0,0,0,0,0,0,0,0,0,0,0,0,0,0,0,0,0,0,0,0,0,0,0,0,0,956,0,0,0,1,0,0,0,0,0,0,0,0,0,0,0,0,0,0,0,0,true,
14029313,724,30074554,occ,2,2,5.834533,124088.76597321499,2,0.0027624309392265192,0,0,0,0,0,0,0,0,0,0,0,0,0,0,0,0,0,0,0,0,0,0,0,0,0,0,985,0,0,0,2,0,0,0,0,0,0,0,0,0,0,0,0,0,0,0,0,true,
14029313,724,30074554,occ,4,0,3.6927700000000003,196058.78513961064,8,0.011049723756906077,0,0,0,0,0,0,0,0,0,0,0,0,0,0,0,0,0,0,0,0,0,0,0,0,0,0,1204,0,0,0,8,0,0,0,0,0,0,0,0,0,0,0,0,0,0,0,0,true,
14029313,724,30074554,occ,4,1,3.924643,184475.377760474,10,0.013812154696132596,0,0,0,0,0,0,0,0,0,0,0,0,0,0,0,0,0,0,0,0,0,0,0,0,0,0,1203,0,0,0,10,0,0,0,0,0,0,0,0,0,0,0,0,0,0,0,0,true,
14029313,724,30074554,occ,4,2,3.568978,202859.19386446205,10,0.013812154696132596,0,0,0,0,0,0,0,0,0,0,0,0,0,0,0,0,0,0,0,0,0,0,0,0,0,0,1148,0,0,0,10,0,0,0,0,0,0,0,0,0,0,0,0,0,0,0,0,true,
14029313,724,30074554,occ,8,0,3.1703970000000004,228362.56784245,23,0.031767955801104975,0,0,0,0,0,0,0,0,0,0,0,0,0,0,0,0,0,0,0,0,0,0,0,0,0,0,1176,0,0,0,23,0,0,0,0,0,0,0,0,0,0,0,0,0,0,0,0,true,
14029313,724,30074554,occ,8,1,2.573937,281281.1657783388,20,0.027624309392265192,0,0,0,0,0,0,0,0,0,0,0,0,0,0,0,0,0,0,0,0,0,0,0,0,0,0,1345,0,0,0,20,0,0,0,0,0,0,0,0,0,0,0,0,0,0,0,0,true,
14029313,724,30074554,occ,8,2,2.470052,293111.23814397433,16,0.022099447513812154,0,0,0,0,0,0,0,0,0,0,0,0,0,0,0,0,0,0,0,0,0,0,0,0,0,0,1485,0,0,0,16,0,0,0,0,0,0,0,0,0,0,0,0,0,0,0,0,true,
14029313,724,30074554,specfence,1,0,40.125365,18043.449573605125,0,0,0,722,55,0,0,3,0,55,3900,55,0.3076923076923077,12,0,3234,0,0,0,0,0,0,0,0,0,12,0.3076923076923077,0,724,0,0,0,0,0,0,0,12,0,0,0,0,0,724,0,0,12,3,0,0,true,
14029313,724,30074554,specfence,1,1,40.028552000000005,18087.089435560894,0,0,0,722,55,0,0,3,0,55,3900,55,0.3076923076923077,12,0,3234,0,0,0,0,0,0,0,0,0,12,0.3076923076923077,0,724,0,0,0,0,0,0,0,12,0,0,0,0,0,724,0,0,12,3,0,0,true,
14029313,724,30074554,specfence,1,2,39.953104,18121.245348046046,0,0,0,722,55,0,0,3,0,55,3900,55,0.3076923076923077,12,0,3234,0,0,0,0,0,0,0,0,0,12,0.3076923076923077,0,724,0,0,0,0,0,0,0,12,0,0,0,0,0,724,0,0,12,3,0,0,true,
14029313,724,30074554,specfence,2,0,22.071331,32802.734008202766,3,0.004143646408839779,1,725,55,0,810,3,0,58,4382,55,0.3076923076923077,15,1,3386,0,0,3,0,0,0,0,0,1,14,0.3076923076923077,0.3333333333333333,833,0,0,0,3,0,0,0,15,0,0,0,0,6,833,0,0,15,3,0,0,true,
14029313,724,30074554,specfence,2,1,22.574225,32071.975892860108,2,0.0027624309392265192,4,724,55,0,1347,3,0,57,4301,55,0.3076923076923077,16,4,3300,0,0,2,0,0,0,0,0,4,12,0.3076923076923077,0.2857142857142857,736,0,0,0,2,0,0,0,16,0,0,0,0,5,736,0,0,16,3,0,0,true,
14029313,724,30074554,specfence,2,2,22.248276,32541.8472874033,2,0.0027624309392265192,1,724,55,0,1347,3,0,57,4268,55,0.3076923076923077,13,1,3373,0,0,2,0,0,0,0,0,1,12,0.3076923076923077,0.2857142857142857,824,0,0,0,2,0,0,0,13,0,0,0,0,4,824,0,0,13,3,0,0,true,
14029313,724,30074554,specfence,4,0,14.984255000000001,48317.38381387663,4,0.0055248618784530384,4,726,55,0,1505,3,0,59,5055,55,0.3076923076923077,18,4,3414,0,0,4,0,0,0,0,0,4,14,0.3076923076923077,0.3205128205128205,838,0,0,0,4,0,0,0,18,0,0,0,0,13,838,0,0,18,3,0,0,true,
14029313,724,30074554,specfence,4,1,13.996768,51726.227083280944,2,0.0027624309392265192,5,724,55,0,723,3,0,57,5047,55,0.3076923076923077,18,5,3419,0,0,2,0,0,0,0,0,5,13,0.3076923076923077,0.2952380952380952,851,0,0,0,2,0,0,0,18,0,0,0,0,7,851,0,0,18,3,0,0,true,
14029313,724,30074554,specfence,4,2,14.123152999999999,51263.340416973464,6,0.008287292817679558,6,728,55,0,2314,3,0,61,5042,55,0.3076923076923077,20,6,3461,0,0,6,0,0,0,0,0,7,13,0.3076923076923077,0.37551020408163266,863,0,0,0,6,0,0,0,20,0,0,0,0,12,863,0,0,20,3,0,0,true,
14029313,724,30074554,specfence,8,0,10.950407,66116.26398909191,10,0.013812154696132596,4,732,55,244,2465,3,0,65,7120,55,0.3998785425101215,16,5,3478,3,0,10,0,0,0,0,2,3,13,0.3998785425101215,0.4583333333333333,833,0,0,0,10,0,0,0,16,0,0,0,0,12,833,0,0,18,3,0,0,true,
14029313,724,30074554,specfence,8,1,11.18022,64757.22302423387,7,0.009668508287292817,9,729,55,157,2140,2,0,62,7423,55,0.3076923076923077,24,9,3546,2,0,7,0,0,0,0,0,10,14,0.3076923076923077,0.34527472527472525,889,0,0,0,7,0,0,0,24,0,0,0,0,15,889,0,0,24,3,0,0,true,
14029313,724,30074554,specfence,8,2,11.446142,63252.75363524234,11,0.015193370165745856,8,733,55,900,1812,3,0,66,6990,55,0.3076923076923077,28,8,3731,4,0,11,0,0,0,0,0,12,18,0.3076923076923077,0.41793592436974786,1034,0,0,0,11,0,0,0,28,0,0,0,0,20,1034,0,0,30,3,0,0,true,
19434587,390,28904241,occ,1,0,21.651264,18012.805164631496,0,0,0,0,0,0,0,0,0,0,0,0,0,0,0,0,0,0,0,0,0,0,0,0,0,0,0,0,390,0,0,0,0,0,0,0,0,0,0,0,0,0,0,0,0,0,0,0,0,true,
19434587,390,28904241,occ,1,1,21.204265,18392.52622055044,0,0,0,0,0,0,0,0,0,0,0,0,0,0,0,0,0,0,0,0,0,0,0,0,0,0,0,0,390,0,0,0,0,0,0,0,0,0,0,0,0,0,0,0,0,0,0,0,0,true,
19434587,390,28904241,occ,1,2,20.333566,19180.108398103905,0,0,0,0,0,0,0,0,0,0,0,0,0,0,0,0,0,0,0,0,0,0,0,0,0,0,0,0,390,0,0,0,0,0,0,0,0,0,0,0,0,0,0,0,0,0,0,0,0,true,
19434587,390,28904241,occ,2,0,13.274519999999999,29379.593386427532,34,0.08717948717948718,0,0,0,0,0,0,0,0,0,0,0,0,0,0,0,0,0,0,0,0,0,0,0,0,0,0,468,0,0,0,34,0,0,0,0,0,0,0,0,0,0,0,0,0,0,0,0,true,
19434587,390,28904241,occ,2,1,12.660770999999999,30803.811237088168,26,0.06666666666666667,0,0,0,0,0,0,0,0,0,0,0,0,0,0,0,0,0,0,0,0,0,0,0,0,0,0,452,0,0,0,26,0,0,0,0,0,0,0,0,0,0,0,0,0,0,0,0,true,
19434587,390,28904241,occ,2,2,12.930067999999999,30162.254367107736,37,0.09487179487179487,0,0,0,0,0,0,0,0,0,0,0,0,0,0,0,0,0,0,0,0,0,0,0,0,0,0,474,0,0,0,37,0,0,0,0,0,0,0,0,0,0,0,0,0,0,0,0,true,
19434587,390,28904241,occ,4,0,11.632985,33525.35914040979,102,0.26153846153846155,0,0,0,0,0,0,0,0,0,0,0,0,0,0,0,0,0,0,0,0,0,0,0,0,0,0,742,0,0,0,102,0,0,0,0,0,0,0,0,0,0,0,0,0,0,0,0,true,
19434587,390,28904241,occ,4,1,10.039689,38845.824805927754,98,0.2512820512820513,0,0,0,0,0,0,0,0,0,0,0,0,0,0,0,0,0,0,0,0,0,0,0,0,0,0,719,0,0,0,98,0,0,0,0,0,0,0,0,0,0,0,0,0,0,0,0,true,
19434587,390,28904241,occ,4,2,10.444794,37339.175861199365,109,0.2794871794871795,0,0,0,0,0,0,0,0,0,0,0,0,0,0,0,0,0,0,0,0,0,0,0,0,0,0,787,0,0,0,109,0,0,0,0,0,0,0,0,0,0,0,0,0,0,0,0,true,
19434587,390,28904241,occ,8,0,10.467398,37258.54314510636,164,0.4205128205128205,0,0,0,0,0,0,0,0,0,0,0,0,0,0,0,0,0,0,0,0,0,0,0,0,0,0,1002,0,0,0,164,0,0,0,0,0,0,0,0,0,0,0,0,0,0,0,0,true,
19434587,390,28904241,occ,8,1,12.005792,32484.320901111732,155,0.3974358974358974,0,0,0,0,0,0,0,0,0,0,0,0,0,0,0,0,0,0,0,0,0,0,0,0,0,0,1068,0,0,0,155,0,0,0,0,0,0,0,0,0,0,0,0,0,0,0,0,true,
19434587,390,28904241,occ,8,2,10.223869,38146.02867075077,153,0.3923076923076923,0,0,0,0,0,0,0,0,0,0,0,0,0,0,0,0,0,0,0,0,0,0,0,0,0,0,1046,0,0,0,153,0,0,0,0,0,0,0,0,0,0,0,0,0,0,0,0,true,
19434587,390,28904241,specfence,1,0,39.939566,9764.753077186666,0,0,0,390,77,0,0,0,8,77,4993,77,0,167,0,3917,0,0,0,0,0,0,0,0,0,167,0,0,390,0,0,0,0,0,0,0,167,0,0,0,0,0,390,0,0,167,6,0,0,true,
19434587,390,28904241,specfence,1,1,38.879153,10031.082724461616,0,0,0,390,77,0,0,0,8,77,4993,77,0,167,0,3917,0,0,0,0,0,0,0,0,0,167,0,0,390,0,0,0,0,0,0,0,167,0,0,0,0,0,390,0,0,167,6,0,0,true,
19434587,390,28904241,specfence,1,2,37.73001,10336.599433713376,0,0,0,390,77,0,0,0,8,77,4993,77,0,167,0,3917,0,0,0,0,0,0,0,0,0,167,0,0,390,0,0,0,0,0,0,0,167,0,0,0,0,0,390,0,0,167,6,0,0,true,
19434587,390,28904241,specfence,2,0,27.551749,14155.181219166885,50,0.1282051282051282,81,433,83,5127,7395,16,109,146,6842,83,0.6387165903162934,252,79,4821,25,0,69,4,0,0,0,72,178,241,0.6387165903162934,0.12219980944369606,539,0,0,0,50,0,0,0,252,0,0,0,0,35,539,0,1,491,145,0,0,true,
19434587,390,28904241,specfence,2,1,25.742911,15149.801823111613,46,0.11794871794871795,84,434,79,4147,6941,5,89,138,6842,79,0.6292120388105295,256,85,4749,22,0,59,0,0,0,0,74,160,241,0.6292120388105295,0.13141309855972239,536,0,0,0,46,0,0,0,256,0,0,0,0,49,536,0,1,475,137,0,0,true,
19434587,390,28904241,specfence,2,2,24.837799,15701.87438911153,38,0.09743589743589744,77,427,79,2766,6085,3,57,124,6819,79,0.6129850468696161,265,81,4683,13,0,45,0,0,0,0,55,118,233,0.6129850468696161,0.19851640207349425,525,0,0,0,38,0,0,0,265,0,0,0,0,49,525,0,1,406,90,0,0,true,
19434587,390,28904241,specfence,4,0,21.996016,17730.483556658623,114,0.2923076923076923,223,496,85,18934,9176,34,319,255,8939,85,0.6509624208766205,411,223,7038,115,0,172,1,0,0,0,214,687,398,0.6509624208766205,0.1158718397973739,764,0,0,0,114,0,0,0,411,0,0,0,0,105,764,0,1,1299,462,0,0,true,
19434587,390,28904241,specfence,4,1,23.603808,16522.757683844913,122,0.3128205128205128,234,499,83,19972,11128,57,341,262,8922,83,0.62727756193061,481,232,7104,119,0,184,1,0,0,0,217,730,457,0.62727756193061,0.1261966381348021,810,0,0,0,122,0,0,0,481,0,0,0,0,121,810,0,1,1404,485,0,0,true,
19434587,390,28904241,specfence,4,2,20.900806,18659.56748270856,108,0.27692307692307694,196,487,83,18310,7696,41,286,225,8695,83,0.6468863677758646,410,195,6722,111,0,144,1,0,0,0,183,663,393,0.6468863677758646,0.14702174321586323,766,0,0,0,108,0,0,0,410,0,0,0,0,102,766,0,1,1239,432,0,0,true,
19434587,390,28904241,specfence,8,0,21.943126,17773.219731773857,149,0.382051282051282,292,522,84,25861,7722,64,384,286,11010,84,0.6684104444344149,495,287,8314,146,0,207,0,0,0,0,272,878,480,0.6684104444344149,0.1288037003224453,939,0,0,0,149,0,0,0,495,0,0,0,0,139,939,0,1,1630,599,0,0,true,
19434587,390,28904241,specfence,8,1,19.745213,19751.622836380644,146,0.37435897435897436,288,522,84,26787,6696,39,401,299,10967,84,0.6886475483954526,478,289,8161,156,0,220,0,0,0,0,280,878,466,0.6886475483954526,0.11295188882536311,927,0,0,0,146,0,0,0,478,0,0,0,0,134,927,0,1,1624,598,0,0,true,
19434587,390,28904241,specfence,8,2,21.174318,18418.538911146985,154,0.39487179487179486,311,524,85,25434,10315,99,400,310,13616,85,0.6556903977539855,561,305,8321,172,0,231,3,0,0,0,288,893,536,0.6556903977539855,0.1321495961350036,884,0,0,0,154,0,0,0,561,0,0,0,0,139,884,0,1,1717,609,0,0,true,
